"V1","V2"
0.268977754901405,0.0890121918072559
0.399351391247836,0.216667359040589
0.36358630480974,0.0598311342068336
0.421982131498942,0.070157103712263
0.49387057783129,0.220121232828045
0.558025200766225,0.0955254856164042
0.43835783163202,0.159055158753808
0.455236132575919,0.118246447884689
0.325836669313839,0.0631035551979289
0.322054513709846,0.0594731790126292
0.451556395305991,0.135208581491205
0.323861760858194,0.0810095138511111
0.478860527824498,0.076273296387956
0.661484939068098,0.104370624474936
0.462605944528048,0.0621961725646426
0.566488335601232,0.10717483816037
0.528524870282956,0.110705904750057
0.480229142166123,0.104846248089963
0.376839590828584,0.0973327955967483
0.548377864217217,0.0956472054001462
0.322176775799446,0.10393160416129
0.391283297372058,0.0855014164458401
0.51858421407673,0.0847374542788615
0.425560040671134,0.0814027321954855
0.507109134985431,0.130032846094779
0.424334953889697,0.127452314434246
0.605924598559675,0.0801016987242601
0.446450987053804,0.211205367387991
0.43856185985754,0.0599649227994546
0.56221875592451,0.588590026264357
0.383347447552907,0.0942478793008603
0.450963063811115,0.128186471707711
0.296052188219517,0.228768211456024
0.477089619716823,0.128732899562397
0.597392172707535,0.111070632419156
0.480928018399428,0.0877938307080586
0.40425855448178,0.0908822807401855
0.515577087214168,0.0643782205688942
0.419199817544796,0.235123192967878
0.385101938451034,0.0871239544014644
0.374085512255514,0.0556026219427952
0.627891494783499,0.101995224036828
0.755164940453078,0.0766830149577205
0.793475277400436,0.0896582005525618
0.423908408706218,0.0638215437850695
0.605931533683628,0.0623855567564717
0.341192863049267,0.0947609571446262
0.408585492056306,1.34920937740738
0.53080148566553,0.283877156629509
0.437835788939638,0.142088985815396
0.468597489123634,0.0620199190281097
0.459283203502711,0.224611078293054
0.597609655859352,0.224286294201851
0.530817327586024,0.0706679417541577
0.714975307737712,0.101203687779299
0.557966653951131,0.686029930338688
0.297049586034558,0.298761165625675
0.356204336655741,0.05279448411968
0.780914397579036,0.137537289035259
0.466137284504409,0.0618143807329688
0.387994171908419,0.0393639398683589
0.548315745415681,0.0578844677842109
0.564776957274275,0.104305526524835
0.456148179489751,0.179977464546594
0.384818931414917,0.072807232228606
0.442796133790072,0.166878509498979
0.474282048922366,0.0603626538001803
0.480603094683259,0.0578338724184354
0.408425343158971,0.0567654569218198
0.617564778879435,0.124415959499373
0.453117125420835,0.246964817272809
0.503282335725807,0.20278449410752
0.398709477491753,0.108679336245739
0.29740946818609,0.180695733168132
0.403635654263736,0.116579469940404
0.57134121512513,0.06297407536956
0.364982129516968,0.0731459049882962
0.411894415921377,0.226480434079816
0.330473559350856,0.0929512391598069
0.419719252334117,0.271179360057257
0.61504814682251,0.148160422094289
0.365872855554173,0.0563470282789485
0.339430000723167,0.0656256737937109
0.423221393603588,0.039593189413179
0.424393217037849,0.0518837079390944
0.677508049250351,0.125473603312596
0.770748022441529,0.1756495162492
0.457109107199432,0.0628774233415828
0.482442340699802,0.149065261266053
0.430008404943871,0.206441990013918
1.20492647007135,0.0559204502877829
0.27838216877791,0.0738320211765013
0.350952174856161,0.111233573563676
0.375409637306305,0.111160205788998
0.488415338471969,0.0908567443494525
0.414898300375293,0.0883845391888847
0.865349044417006,0.212302952024774
0.643308306996782,0.082528504152854
0.455785933263875,0.159454629441569
0.380051624495343,0.057282110029852
0.521266701285696,0.0437151807891504
0.366466211370318,0.231609827595277
0.584472926726019,0.191287577362133
0.681329597887256,0.134976111585615
0.338969188066756,0.0686342241382729
0.481966930404514,0.209342199658039
0.476894642314493,0.0961322665707138
0.47938827898716,0.0611481948926071
0.32627271851934,0.091173878222472
0.568655512290581,0.0672973774572028
0.282852395108692,0.100721302659337
0.509709895156923,0.552106802505691
0.471217666833104,0.0908716939689129
0.39740527719416,0.0633762087863344
0.509317572446646,0.0857713295025528
0.552909550354943,0.298993602342209
0.433997019692879,0.0795009219740398
0.313431183385059,0.192259736170968
0.366374367308998,0.104584407461026
0.402661977853019,0.141910495877314
0.377723846248949,0.0845411626713106
0.504545730800977,0.0779849045867391
0.58924991301756,0.0890897823240145
0.870321048160412,0.0961187454577348
0.715215605315872,0.138662533223093
0.306535710171858,0.118150984820276
0.412609828151216,0.111190700458936
0.348331499296585,0.0941604095843371
0.331911800795539,0.119019351817764
0.648986997966302,0.0806298172849097
0.461394935264891,0.121768971312375
0.354887403327495,0.101008963868001
0.341354815171653,0.0979260612003059
0.35238291667051,0.04424702793442
0.528608169480268,0.0939138529273729
0.347744154924684,0.0844294808718546
0.520271568471117,0.107674135905491
0.490453690978258,0.077548584050204
0.57983126278363,0.13416334656613
0.505210439432608,0.0580631302174243
0.574434631818725,0.0851105131042249
0.428213080243628,0.0971656330168214
0.470009456611047,0.171155355265584
0.430009907466829,0.163746080470623
0.540857038485514,0.100349761196224
0.501133832878327,0.110564387967238
0.405570160642156,0.109101260935864
0.419856876291208,0.0505788465602427
0.411210483667122,0.0570484211261786
0.329998574500254,0.226311971085229
0.799876786771276,0.1144586171084
0.752598260934008,0.208688708900276
0.478269394837513,0.133158824536954
0.394310808233014,0.298872408748948
0.593676423993311,0.221878919633038
0.62087912263265,0.0885320151477355
0.41494187524192,0.120069083356124
0.618828565537122,0.0551662901936161
0.709196971566996,0.105663441457637
0.531485238538377,0.114906709837236
0.674470251225082,0.0934348796479396
0.451173830340357,0.0951272356405454
0.571706767161496,0.0607546014577994
0.406194932610857,0.529486506091026
0.432258593763212,0.137379436002144
0.479506931476782,0.113751426248369
0.782129073486021,0.0953080791501175
0.431636382819335,0.100496944554464
0.43868366956464,0.0678164279448344
0.431282517974135,0.278922562184079
0.473226743693631,0.150786790747418
0.365620903543512,0.376435948005664
0.378404625333286,0.237453577467924
0.540719656778275,0.180939507283511
0.400212991210487,0.129952545791035
0.47350899225308,0.108568317390783
0.535024333898719,0.104450360023278
0.481419034934619,0.096663869159936
0.39522355426164,0.0709159842072854
0.435402713359048,0.173461416253298
0.355618317455733,0.0525585721356502
0.397124839595658,0.051271392838119
0.396294186464148,0.101741243234767
0.499269137971965,0.0925237803372574
0.470906938922743,0.138143072308195
0.632192290285504,0.110356644141897
0.389206872968043,0.0616329485898227
0.538116899751504,0.183444055123347
0.611446179348893,0.384230572738548
0.310258033250721,0.0687035176516708
0.725901666835946,0.119117831269791
0.414465630704557,0.0716533050971888
0.501353025223766,0.143074134942607
0.568164228227186,0.151128815424644
0.552333262011251,0.0641523975741661
0.498488367236115,0.224153567193163
0.681961624247691,0.0761732325536763
0.302331702090619,0.348302059132385
0.394706299426739,0.111997623717567
0.333708062386837,0.0652538880086709
0.765969203602718,0.140221312565509
0.288365302692666,0.0555460141817538
0.593986216095661,0.0586263343022656
0.494330574082759,0.110308865608281
0.594606924321634,0.158298196878741
0.609628112104909,0.0932189993709664
0.385343849213148,0.0566281271778678
0.453571510889207,0.131346959889407
0.53459864495746,0.103737456239744
0.466967367288275,0.0452381536486295
0.460612584920555,0.0926653701912647
0.407638499285648,0.106174869232784
0.449964924468162,0.173098279567694
0.464171450147243,0.169077587701653
0.370319522277538,0.0934924760843619
0.365532661722924,0.0724946776707738
0.587098404739509,0.156484640522426
0.424972590684544,0.0810813706031575
0.555380634358705,0.100725990276821
0.478617031320768,0.0573669694608167
0.480322513412474,0.139389170071498
0.373958832340304,0.175593917449324
0.415864893174181,0.163699038831416
0.338570906201171,0.0872032233457164
0.883225475482575,0.213460492601643
0.420162734988131,0.148478706191503
0.62439111435151,0.0717639948298617
0.832047210045816,0.113219449271085
0.376112397407691,0.139542255066793
0.439210310060343,0.189101637487157
0.579469123774528,0.249148962714867
0.381109842101466,0.0592592831655281
0.563070418549921,0.190756964320072
0.553212680471596,0.196864038692809
0.349825848440428,0.0403498624750147
0.470352516524335,0.0959539353767748
0.433459987616223,0.131202557604004
0.42222072302262,0.101328231346029
0.491682801755224,0.152395748828259
0.461702690101661,0.136556944205027
0.567976902466481,0.179473080329444
0.623778907037806,0.121510972034293
0.369786768884785,0.184137984445787
0.43325440354572,0.120611223944706
0.345249731673245,0.664079395100298
0.394617968617601,0.0798861067784091
0.564846740431767,0.205269801008029
0.335425535110528,0.0955622506516583
0.533592944909269,0.0999778378720701
0.448843375045838,0.15148286075063
0.444777735831164,0.13020851899464
0.926012577537935,0.196387655926572
0.584558890352889,0.0913294062542864
0.412681747282611,0.0956958876551336
0.468606798232102,0.129760262328095
0.568074520957605,0.230542821333324
0.411117345682851,0.17790738323928
0.373857258226604,1.4744629242086
0.735958951239666,0.0637215920949666
0.407727472663291,0.291118915123963
0.670913409095349,0.0871379614618115
0.335287901598311,0.369421777396471
0.728663247749354,0.14361875829795
0.66207241893774,0.319638604525772
0.646484547999085,0.120859645000613
0.340565590510655,0.0724531139033675
0.391124527332476,0.0912029545782937
0.490933898393501,0.0864178295504052
0.398286992470917,0.180401191551693
0.305971697576897,0.0715668859829169
0.614192426346872,0.0553932936658684
0.526695706608506,0.105525471534307
0.338217065397529,0.116425264446155
0.447305236705376,0.200942433767976
0.425308984975552,0.112890420948401
0.313389224131097,0.0989119994296969
0.435336754045964,0.0698329513905557
0.589731142237142,0.0950308441316493
0.593056980064922,0.12010169740229
0.321915022860571,0.0535267357936707
0.394164130532935,0.0700175282742359
0.637100078875114,0.148115235089805
0.589110202420041,0.161895507616828
0.474230990427129,0.121201444555459
0.432628856288092,0.0463611778417378
0.859949482052741,0.0482681733548922
0.590989005627684,0.163837288773412
0.390512544806862,0.0503300831521922
0.599706082497075,0.190541046846801
0.348938276199831,0.227230581880564
0.515695723340915,0.0689720424370441
0.429726189296477,0.104509609351374
0.866865283844584,0.0891202704153554
0.409246502532871,0.103930911844418
0.526371222255072,0.0611967653564335
0.499813296757849,0.23980803832468
0.325347472418769,0.0981788252401296
0.350975875993285,0.100635339154379
0.3444690728457,0.127425308820019
0.446280404453541,0.146125398385145
0.415557559861859,0.105435388671593
0.605320414828071,0.103073832267513
0.381325484301607,0.0585115482173406
0.448868539298837,0.100039409171456
0.611158040571658,0.158297814421042
0.332071297916069,0.337062403052849
0.347717231872245,0.261363840044234
0.332748782917371,0.082194515690934
0.443733113961964,0.491084266575503
0.327524983118569,0.1147866572242
0.779981120673389,0.2119828110109
0.62371147073086,0.0877254292455442
0.410137656304729,0.0503013466541049
0.641094801511688,0.122979588365745
0.479576779455333,0.126100449307449
0.617854976144211,0.0922804580364858
0.521750472900621,0.220434340763038
0.656545978297086,0.363335504589833
0.268871610750216,0.318423251211001
0.43277100603028,0.181981849265769
0.601721642036549,0.062886148721851
0.685669998663376,0.0518736279334364
0.358433687429206,0.33767397373232
0.511549489657861,0.0875857678871238
0.559144342702329,0.173308561252491
0.409266601406177,0.12158086182579
0.491763319414224,0.159591213128742
0.427452113244755,0.0957045218320344
0.613306624263862,0.0972806350025194
0.54308419339219,0.102419565865508
0.492573091078571,0.0974885656579327
0.395448236551187,0.231076694785865
0.393269827827312,0.127621584020294
0.641183538482973,0.377019961529238
0.551640428247224,0.15641717694886
0.318391538696992,0.0724646630845384
0.457414940183866,0.237505281826957
0.468427711882171,0.0839756752964683
0.650251686772882,0.306537945414314
0.445626108084604,0.278385524709229
0.395488586430711,0.0884228974429167
0.421481195093605,0.0781584352165109
0.4675980210444,0.132645235922199
0.357780476119129,0.190811555839489
0.493966535342298,0.939230640693555
0.386391721998463,0.169846654236505
0.430590846703878,0.0670946110937056
0.46635468059934,0.0913347978983595
0.573866581277137,0.0575097783198463
0.491603150109294,0.084371968557595
0.363913292547735,0.112284509459011
0.64550051328694,0.140965118776946
0.45169770067521,0.125363037084934
0.570607885929334,0.0694403265950135
0.451923920205785,0.0731363739389518
0.422657084033789,0.104755117172387
0.364471768004571,0.132180733921471
0.503548028373914,0.0481499568942216
0.428013838770614,0.496489239257654
0.388764019245366,0.0928723079023672
0.710605461161835,0.0776613653616163
0.361566412967327,0.129738495711647
0.573598736839126,0.272601019142011
0.496222410033414,0.0999333726212233
0.417357283331505,0.150177734970581
0.449853034713862,0.103846405546952
0.655737395349024,0.0631931237597745
0.678316784791735,0.62971947241092
0.32926570839739,0.217874180905204
0.325579968463923,0.170814620817448
0.378314707846577,0.263997776826744
0.505091697315393,0.131258436505829
0.633821253312035,0.0655789591975303
0.445272395428418,0.596479201301667
0.536441336426861,0.0589413031539786
0.361053727769443,0.160083454948548
0.582466090061303,0.215707862372304
0.677676923959507,0.117619315445868
0.745883911159782,0.111968466208975
0.624304284475377,0.0478194661110436
0.36467661450837,0.0970620143895198
0.601586426231027,0.095848995883404
0.353690453021966,0.0623118274468521
0.448631870094766,0.0582223983908195
0.411123289643766,0.0626306943089797
0.568542680948345,0.224128807216512
0.351158506630278,0.156312002423218
0.492574246690523,0.120153415015846
0.492640730637301,0.272401379375762
0.33492881948318,0.0784403049236027
0.383950660513405,0.167698597774841
0.620180057412365,0.184551372185076
0.717589724885654,0.147899103365257
0.548056389194826,0.099720951968714
0.357073791036036,0.089169829316428
0.361579928854262,0.186614525564513
0.314342150845123,0.168229145536481
0.386999617317241,0.184870022756884
0.331118908490625,0.0977985727564557
0.595090460128935,0.144332423839354
0.43743376599362,0.0501956920861797
0.82714538436478,0.11757836252676
0.324421922438971,0.0813411147708697
0.40350080430108,0.286591460223392
0.453453158935115,0.0685268703667212
0.441169906434027,0.211512444193744
0.305861813802496,0.161146593096231
0.647959242570034,0.11821170476817
0.527540179961491,0.10170222122014
0.570549334749813,0.222536299856706
0.542051393549141,0.127229372249563
0.473882681883448,0.140562760814702
0.420159061741827,0.176863281462591
0.42919558233748,0.13836521675003
0.616914116041578,0.0693931439114052
0.490424680820941,0.136119702600495
0.457736468522279,0.239476774915363
0.315522678778144,0.0470086262139866
0.63569422777399,0.103280064266515
0.669330522180263,0.0663338343133865
0.417283718599011,0.0620639644957375
0.379298315973673,0.117041851777779
0.444964544931058,0.0666621384314784
0.339923717525139,0.053569093892975
0.545845189225847,0.0624408437249098
0.971252720037841,0.110348089373495
0.334439405810125,0.0623862744165221
0.387831997053954,0.0868046725756728
0.412639323146961,0.0948365521370948
0.540543464428237,0.0603569742136754
0.391934039821264,0.249567948273133
0.492332501932434,0.22767676854256
0.328331094502476,0.0869633632560737
0.36375950997352,0.248257187617709
0.404187481351136,0.0810637132048744
0.406293271815388,0.131127327781465
1.30158161766141,0.0909405686174675
0.456649701670489,0.0537319336557113
0.472659366860311,0.0660279403012126
0.564194265770371,0.0876280568410452
0.386443459681954,0.123041837373361
0.644317341349015,0.0908257241822644
0.620246588854435,0.07281770957803
0.407047269097769,0.766754778410136
0.468372604501673,0.287400099092467
0.451474648952636,0.280743496724447
0.678643737305821,0.144801476681941
0.558459824963105,0.064808476682516
0.306486902796719,0.118655847491558
0.859493777596069,0.10879432450453
0.356510432435875,0.0646289236098373
0.519298917957882,0.248617548316819
0.542530914636267,0.201392043006971
0.405396970733206,0.0807495112218154
0.46446803404757,0.121568308850741
0.432289129586473,0.132836865297561
0.374160533591662,0.07290238271063
0.411830157893795,0.231134915019435
0.441640607310909,0.0611692889962246
0.620476574390117,0.092130520807308
0.319597806328808,0.0724341714283691
0.437974216067363,0.140830726057971
0.370736241141872,0.900243979957035
0.372682715386106,0.13337737671849
0.484406766726591,0.0823993143909082
0.407650659691909,0.0769898851659077
0.415387980501959,0.189658760347719
0.40403321081457,0.0643232704070481
0.404762525167058,0.105311866419686
0.405702177042032,0.125871279878469
0.417855214846758,0.293676585849949
0.868206388260697,0.0560488171971531
0.358759031688138,0.0996435561606994
0.546886260104307,0.0561664820669243
0.362125639177626,0.0671279510170393
0.82802343439819,0.1843183678707
0.614960605291892,0.0822914033292539
0.451131402591657,0.0568954607455785
0.419902294713277,0.2131336201383
0.546497832808798,0.107548620295619
0.485036615375912,0.0545763530283749
0.407136994407883,0.0537088491449189
0.417817781670945,0.185507270609999
0.545004773629478,0.11455520068145
0.448857622567243,0.0717982671036438
0.417673250335361,0.1363570714027
0.666544092026719,0.127901180616689
0.510954116046947,0.154352143216654
0.728198432480569,0.113109947481966
0.501109169680121,0.0655840622099397
0.37770868493939,0.0989804800513738
0.379921854144792,0.0688951186089793
0.358797223009815,0.0551368134579094
0.376969145038926,0.0397792025764372
0.271052812274092,0.0954602407218562
0.613736671438729,0.221562718713884
0.483361847210037,0.130485673501873
0.43552446592856,0.249744550114695
0.488381143780956,0.354875091866073
0.523785218797805,0.163902945074343
0.576482753673286,0.353634311160363
0.416877059935479,0.0711570763262446
0.686258542641839,0.146995227779662
0.472852208992124,0.116293248765665
0.340171166717495,0.14356263743246
0.4038086156663,0.0783897603225021
0.466473788996068,0.0550002644381615
0.389566811427407,0.139717237912412
0.381618248189644,0.124586359724154
0.5371646629759,0.0605801337258181
0.557728017504717,0.165499360060735
0.599292517718718,0.0981729759566999
0.403754715031221,0.0805609170244493
0.459288614387964,0.135369400841652
0.519830079791401,0.104277536431007
0.485340218942018,0.050899640571366
0.575143796449036,0.081785414930766
0.342816037347213,0.26442026116578
0.443969228426215,0.291564570365226
0.401288659063455,0.164061847459114
0.50563216875946,0.172442212879406
0.786168065526948,0.0729990409346283
0.404165695956689,0.0686299875064364
0.401545377275396,0.0772454659990699
0.393640573358985,0.0615454903093184
0.339371860881169,0.0840153120298138
0.603004945906073,0.219525108120063
0.587037968467707,0.0998959838419188
0.633507019199743,0.0780587973726066
0.460005994771503,0.270880368111795
0.474256151403115,0.115085409958646
0.575017419529102,0.0921906422743834
0.535798121687651,0.0859893639232811
0.403800170535252,0.0615389911111559
0.467281932683287,0.10646380744496
0.676627430263471,0.132213581765181
0.418576327141364,0.0932886413321387
0.342786524539253,0.171944513185197
0.485508524034673,0.0979267176117512
0.335930435860154,0.244406883167261
0.468693065354044,0.205050446185409
0.451573750850918,0.159174961898523
0.476045053684948,0.17962183617179
0.432647921926733,0.115990374527375
0.498037595096241,0.0521038216396857
0.471708871700362,0.147610067086103
0.497421901971685,0.0848266468773379
0.500765534756898,0.120071341036466
0.333786060048735,0.219112620363823
0.589962528745654,0.320567560820322
0.579535262332203,0.356884043989803
0.385004644036058,0.0614793408741793
0.354369604933688,0.11385180404694
0.713185286245738,0.0892785706868812
0.357784893840526,0.0451247291655238
0.812197209383548,0.0891299355252856
0.365696018451372,0.124188964105397
0.397314400753498,0.0511999616502963
0.42067209215066,0.0764169712219476
0.569545027283963,0.0670019248841921
0.623447780317135,0.207572809281647
0.342428801940713,0.107563817801993
0.516203756653849,0.299110363727678
0.434877307966829,0.252815669639599
0.547738695487096,0.137156001140447
0.513826337728742,0.106749550003381
0.553488478980844,0.0960046929676524
0.379365442916747,0.0740263688970805
0.484413325591351,0.106593521370212
0.505212902519154,0.463026486246365
0.483554550786715,0.12700550379511
0.42354688945537,0.179210347133483
0.446284712418229,0.0988210622037766
0.424786472857517,0.257855986262244
0.476228075387011,0.0628849748720723
0.598261277423938,0.138852791003674
0.573572681802706,0.104698385932838
0.416693740925094,0.0905788743794252
0.492959893543311,0.0695965421537322
0.517939193602645,0.195742156969324
0.440162790805679,0.0762493950758246
0.40196675243555,0.123518722688061
0.409569373474912,0.1309256418044
0.368181411413215,0.352891979206933
0.590302323540004,0.183994829613194
0.690240583409378,0.0526617218654904
0.58775942873151,0.103279105428208
0.51930839529231,0.0661162308577602
0.39029907096412,0.238818896648271
0.599699663612768,0.0589649019145661
0.34217579476283,0.0713815770240185
0.601141155545433,0.0927218034182598
0.621459877396043,0.0578171755370377
0.790724572127787,0.0712522294498662
0.378846890486266,0.362633285320512
0.532751231465313,0.0848128274109923
0.452701785585824,0.078880183142906
0.436590048373454,0.291733231024963
0.768525497045278,0.0495553431530966
0.331392978305432,0.212816056831263
0.478588511311319,0.123005597833185
0.309760432098354,0.11621703940905
0.434405754914457,0.0688504865591631
0.55362619574766,0.169794689578463
0.377589778092032,0.151289033801167
0.64850410386262,0.0947674565839802
0.347000896842869,0.116433281953201
0.449522328167977,0.0991553219414844
0.400286165341429,0.133718438265763
0.459153214470521,0.172642926145112
0.470930430894986,0.31592775149669
0.371751345351158,0.111442402696913
0.335734758869811,0.11163808371541
0.432484840552107,0.108066136946816
0.334944524440884,0.0709400654111886
0.394114770478862,0.16407106660475
0.610532881666565,0.0535819781243956
0.378846890600417,0.102726102392673
0.587408842286625,0.114670856883729
0.351431766200998,0.0745175612456163
0.50864112503696,0.0618625192430164
0.376006281353881,0.10874612764053
0.408531340367425,0.04660313773112
0.445399417566732,0.0887562274115633
0.461688232580501,0.0886965240420747
0.430947099727427,0.144855541975686
0.475070497245553,0.077718902178694
0.58945039433133,0.0981870632192115
0.317781189047042,0.178109422689573
0.346412915564703,0.171718742679507
0.401175344447218,0.0428545391839382
0.425229135389401,0.0682965121788706
0.555108039533308,0.0838098303111533
0.595587651320674,0.0762035309288688
0.480810012175128,0.0495074338555986
0.50167106297814,0.0440516278883923
0.64370987839006,0.0618234243247086
0.324764178939919,0.116812084897479
0.721126059523658,0.0650136021460729
0.563042117479087,0.155512814222457
0.801102855609395,0.0763291625855244
0.437536779958662,0.0947914405531693
0.414121232896968,0.190145475114699
0.475101802377085,0.183161512590769
0.516006028014707,0.139410452311922
0.502610467101094,0.202144645040723
0.43929574963185,0.0780734806587183
0.799994304550162,0.0977129925336195
0.46569665445974,0.0778686607697884
0.430740670178997,0.0983717556671688
0.467899952816499,0.126808912216872
0.445179447139607,0.113046015184411
0.654237607607832,0.0690992974964368
0.462352778924051,0.132126669759671
0.418873702218974,0.0513454062640802
0.39334528708083,0.107926626590008
0.68720325604641,0.127106000647698
0.649852341946122,0.0584146946266309
0.549080103605058,0.0938653836557611
0.776711037371548,0.0610318483419404
0.615112875458713,0.0417494939853528
0.468464761333515,0.0917147645362009
0.354166488831949,0.260397572800102
0.317524262091431,0.0664759738131334
0.739369509388141,0.0734841690192752
0.366861743449923,0.114945931889098
0.342843574551245,0.0672612756710636
0.355403148743577,0.457004088630456
0.909925879694505,0.0959030742044347
0.345463683764443,0.459587436394781
0.53321936579233,0.213733922513467
0.31592860866175,0.120330016852983
0.400324771995436,0.0556963665072087
0.658104565777761,0.0559691700570318
0.622742379923401,0.0397308460015124
0.434120541323035,0.162888780428698
0.393977307469615,0.0538015474799298
0.447147936213423,0.0667918138512495
0.451834372178707,0.294268153754165
0.434636164522321,0.0724663070749261
0.679996285141838,0.162119191918705
0.378994398640836,0.130739023213503
0.431347685772928,0.0944798479755975
0.442289731512066,0.133158315129438
0.363425278357811,0.218557346877992
0.637137597070186,0.24822780415341
0.382440845773961,0.0691244592803575
0.422562653695568,0.062016822764225
0.457318517807837,0.0564620593299165
0.4197731452912,0.0917221288687054
0.448721889939798,0.178853115229263
0.485114040018188,0.0839821618628535
0.446982837672292,0.124441852681261
0.531582168999258,0.306134784506282
0.583668936733283,0.0433659271728377
0.695908478659352,0.0798671348744102
0.702141788243523,0.179232902422832
0.466745655461584,0.158235636482807
0.692216099810205,0.245104084548796
0.667058784180553,0.0741225196830409
0.380032908093355,0.0631485602277833
0.622348521698146,0.0999500143967423
0.292364674147516,0.208485830379184
0.426623151590979,0.149828385851701
0.350901599155634,0.178272538999576
0.671996568666665,0.0749263615901013
0.393445528746698,0.063214075372779
0.516031176601258,0.371166072138004
0.787162826034809,0.0683451471250116
0.469285887850828,0.114981683510624
0.498066812577231,0.0644062714534724
0.752187854866024,0.175678281938904
0.495552479047786,0.0825985682477199
0.390780344187361,0.0961244901557318
0.409388991313035,0.0857779888987782
0.353745315072374,0.0527221797964369
0.49433450231595,0.0627729375493772
0.377417592006527,0.0935435321298236
0.323905031206928,0.054747010743836
0.629496668820397,0.159254808943924
0.366881149594237,0.178629353144883
0.578118323792731,0.0945622258864198
0.452219100810143,0.104479227682936
0.494569991622079,0.0635429073274138
0.529317943968977,0.159951359904028
0.505985389668985,0.0460152535919011
0.549107311804267,0.0687965361923231
0.298849062808425,0.0712140222049739
0.355590180956954,0.128308589205015
0.54765175967082,0.12319322964992
0.418536151290513,0.114954412337103
0.401499643726672,0.0707130071462805
0.359060176084173,0.0584870234993877
0.507721804131775,0.0565882293995485
0.525203438108763,0.0594569245335807
0.776370692090032,0.0817908785796269
0.499334223154059,0.061038455465762
0.3090290927514,0.164088507873814
0.396179923808873,0.234768777007083
0.691202733029061,0.0966036807111434
0.531291529651866,0.069433583265472
0.491372073147036,0.0440836400328937
0.601969791281661,0.127901623723094
0.320512110408634,0.0858595324637453
0.329699943247936,0.0763997831207431
0.507580280037867,0.0634221325490589
0.578486060853192,0.114219137854661
0.32016291822002,0.059655832839808
0.453600362497529,0.0643507356722268
0.487316386699503,0.123003400192526
0.432156941086837,0.0750234322649221
0.364558745365924,0.126879797062059
0.446311631578425,0.0516924840548848
0.43252811671192,0.102052176902694
0.535338804657758,0.128560395481485
0.41860975923594,0.260978181944618
0.680781679408301,0.177706964123327
0.547325901266778,0.0817536655277939
0.606743909196639,0.105907086099227
0.432501964772458,0.0580760444861482
0.364196343793253,0.0624797922452098
0.461791037241471,0.178385145958853
0.646404994883604,0.0395927598537684
0.522923679495717,0.355949573590179
0.432019240051445,0.0754938198433764
0.608214001630406,0.0536904598026847
0.630674570919027,0.0879480600644334
0.734642332033029,0.208189007338036
0.394344703256457,0.102874588071591
0.507256335147104,0.167883124941756
0.453386709037289,0.280969281470498
0.430237498180372,0.0869572710446091
0.519210125339178,0.0962104958856438
0.358810858994195,0.107720898939435
0.609667868896861,0.0675888521577279
0.472051032831284,0.114062595794593
0.482142268881647,0.0795683509607742
0.532802231142139,0.115036615783123
0.432081637003393,0.146108355598328
0.416619254894657,0.29253142529693
0.583552057307606,0.0984051593857768
0.498498124713625,0.0777162063911073
0.328666972911316,0.0641265128185875
0.598885580221462,0.323129201256695
0.403338821122558,0.141596131425798
0.66471689167221,0.0750238235671763
0.442292179145282,0.128469613202351
0.530324245671926,0.0972403653884809
0.428595236232441,0.15231476123202
0.492190378326511,0.0572165058011809
0.329126944463811,0.185882513330347
0.622716155892538,0.130088666539572
0.466978746262562,0.14570118735193
0.47495463723404,0.444303825142538
0.441659237904554,0.0668872672693386
0.632574558749934,0.0841657890508729
0.760195394958127,0.0820824119336368
0.334407685701022,0.218851977984046
0.475199567218638,0.096332259322766
0.381129416429484,0.227116063362792
0.703657429525108,0.084047446783519
0.511709949104711,0.0708785037769319
0.527822754936349,0.141863384346076
0.629867888443131,0.08690659754878
0.367798586896311,0.192901294121751
0.423624081793706,0.136872244646958
0.36807578126235,0.0546642061420111
0.453779501543346,0.057675109537576
0.446812847800142,0.159984602758337
0.559793507208355,0.0567084396774729
0.687610277942657,0.100981343306078
0.716821661953294,0.049916264243198
0.527278590204897,0.082458212015829
0.42057361888459,0.0833968431168504
0.601728136032872,0.0812842694341501
0.65496154737969,0.0521365590824016
0.549057428330087,0.136107998415385
0.390038312433279,0.0643453472373607
0.754264040776318,0.116704403070341
0.562474983147262,0.148257713974115
0.758179095896427,0.0605922932621277
0.557365592673455,0.0607566896848708
0.523086637739139,0.113197878230791
0.420120852027623,0.146826703397166
0.509138204724891,0.463194060971266
0.532198734434104,0.043154142318595
0.398918693060557,0.0920305121419807
0.702098494424632,0.234239097987631
0.576566730067339,0.071589883737083
0.629227239716836,0.113077220222816
0.701718927067401,0.204638689065552
0.345808182674117,0.107879337145723
0.571073916416829,0.123140362641653
0.444105931169671,0.0777344502009907
0.440031590284474,0.0767074102726594
0.431840651841007,0.12177815770489
0.589655395038225,0.0941587195214956
0.293229356657917,0.147883349024804
0.424761576753921,0.166120928532806
0.301837303863563,0.0968562353160996
0.498047990961206,0.127890736830378
0.508631461778176,0.0569316937571887
0.565450806623633,0.0605328548468833
0.525969865609961,0.176306326626185
0.458147339155366,0.100008633735442
0.346466348832237,0.0773234081449517
0.402119767531268,0.0902127611968529
0.534641288567252,0.063996717899157
0.754161286289131,0.104835442954136
0.761743168123639,0.0819282645200027
0.654309203045203,0.257502820885262
0.314536327550677,0.0618411982383829
0.430408415037451,0.0536783627334135
0.511527679973943,0.121237337811739
0.745411357529937,0.0896979803465736
0.627514430710197,0.0827393180021441
0.534849569783931,0.0859566145714206
0.438990842727206,0.0934227770591263
0.509108109870148,0.107914339025796
0.350896474141207,0.11543785233056
0.397300228636812,0.0640437275288965
0.497459773559865,0.0856285412502953
0.500343154983159,0.0880937428593116
0.389500373668865,0.128111855788059
0.40210150403656,0.081351960875838
0.408843928982695,0.0899683137261668
0.407190127327888,0.158638564403605
0.562794442852141,0.101764090263183
0.501136662481866,0.0567360956337676
0.650827163309831,0.0956396726608435
0.329119845072224,0.238437449798475
0.521554475406127,0.0427283187948834
0.340464887578207,0.126129975765584
0.344170383602761,0.165018414100713
0.842688045560123,0.0994647475014902
0.681403684531907,0.0766873855071499
0.487723221720416,0.406532717143488
0.461636959945407,0.173309188667809
0.357863415977755,0.0729557566944833
0.583078425931396,0.105006557541381
0.430246337022488,0.121021572587286
0.552915148329637,0.154116858059824
0.753267093145729,0.0739025296520578
0.5868723551539,0.327598142473518
0.58836149249983,0.223444619757017
0.402469211480787,0.234488960786213
0.363383411842173,0.0779857363012982
0.55892283208186,0.099276759015248
0.538698607954418,0.146110615934122
0.787365820319862,0.0747149699484782
0.527889404936273,0.0952301145414621
0.555502747902359,0.065717856633484
0.632122571079446,0.233776016525433
0.466095269553085,0.066244450006283
0.533809340743771,0.0516082236486648
0.525324577282975,0.092604387996442
0.594052794018277,0.152169663565972
0.384938211825971,0.127435862176908
0.472421783629728,0.267720203535752
0.476161483903114,0.0503349600425335
0.339318086043851,0.110128664391404
0.384851619073369,0.0588955642306443
0.490690281421765,0.109178379507147
0.498056943281228,0.0738097339011505
0.384811784635456,0.0735087235730199
0.427991881875776,0.0614991659117492
0.336802616827329,0.0949933502581341
0.55113973197341,0.141138527320281
0.31947678301168,0.113114142406515
0.322000521458535,0.0597426559893092
0.426760749300218,0.159803773961615
0.511314363859462,0.0645641425022184
0.425632814259704,0.0486444381122072
0.497526273544938,0.345932022623787
0.566978841284594,0.0861419449940659
0.530054317625654,0.0764624517835819
0.454208126880427,0.0574454535151144
0.480490574346542,0.0657349025239111
0.686572758951909,0.183405585891032
0.308324819883003,0.209826769191378
0.487155171166959,0.125013996096967
0.776132489489763,0.0844423759175407
0.5287459817606,0.0446199529409933
0.547890746262803,0.112654439055011
0.426472484382905,0.100837286227664
0.455023650895534,0.1178673405656
0.437399420668189,0.205524338597795
0.568460245846812,0.132404887915588
0.410420295715968,0.18267883604984
0.767395130325176,0.120445132919953
0.343334009828531,0.119197356363219
0.4671388083744,0.0974944869950403
0.451095732932048,0.170839994851452
0.562386184769912,0.106706369756453
0.570989812880975,0.112515678607721
0.629913539194559,0.321201408590754
0.364430548210254,0.0634627186812592
0.640816721610674,0.0548620565378454
0.343828664754866,0.0727109623630449
0.294601814009735,0.165804283307812
0.555526019476269,0.140441447847652
0.422806366286045,0.0457036890558839
0.310286479851679,0.11375063929326
0.540047266807006,0.0983736362634648
0.523066475198324,0.118828279310878
0.344555973824895,0.0644043166828208
0.387585490843452,0.125575002975983
0.535740254181363,0.0917169918243784
0.388215778134726,0.0979639723274568
0.419658670657602,0.111030196532211
0.390914478981821,0.124023951713956
0.344928661553716,0.0783222829020779
0.422322199115136,0.0843304304908793
0.629095767830975,0.0563264554149658
0.373978378573875,0.129646660305006
0.403241776429645,0.0785792427892601
0.604093927163949,0.0666114193898691
0.725855942919504,0.0748639562997636
0.433187074825783,0.193833505160325
0.413876972916438,0.104741570396061
0.333228300099496,0.102169466702877
0.348709042466519,0.0976140456466186
0.525882898902396,0.0340534910156539
0.681234258964734,0.0990984577984692
0.410867305153711,0.0567429727368585
0.679343085220578,0.0760172007422597
0.352536174862937,0.115698203174845
0.678434386645536,0.184476500432621
0.449623673691099,0.0910809709240014
0.496368354752557,0.10403049183868
0.426615627424955,0.0538626924157089
0.5629532323847,0.0949032936446446
0.613986947590566,0.353517903974111
0.502043176854114,0.0611829464383787
0.60281636254924,0.0614248674682263
0.454737572464722,0.107200796950598
0.418096319034664,0.0408917874891548
0.618458506228031,0.0790800704321862
0.421584486104039,0.0931752069079534
0.328699800814278,0.128455322408654
0.831408415844298,0.0645304188972351
0.378689375587949,0.0804219065375889
0.696138551770968,0.11668289668741
0.511999107914928,0.123360960618556
0.337418284992142,0.0915082716163037
0.489221840275464,0.0804028935295944
0.370090342237601,0.105049738514786
0.514688737252086,0.0811566927016984
0.596771614976463,0.0965091319598462
0.395523800042867,0.0600540725905419
0.454885311593908,0.159831771429259
0.325869255577276,0.0767952159382873
0.668026126775264,0.100169769296748
0.522806854698632,0.154396542230589
0.514618598837164,0.0921437612313057
0.499257794735345,0.209333427166271
0.671728499417577,0.105492922631699
0.533727318901343,0.10294330385749
0.691990013005105,0.201413882747933
0.46494952067223,0.0672216742453506
1.07214223346556,0.154299664442502
0.359227057556881,0.0503317254465563
0.449412732001911,0.842874147766608
0.387695929719241,0.0492973975352556
0.331644151990252,0.0703551734807047
0.510914387701492,0.681340268845569
0.512684516936111,0.115495633190469
0.380716351240467,0.190265216519082
0.381514143182553,0.0911404559345225
0.279746008616427,0.0657408209101527
0.478576568797572,0.213337530266317
0.402814544143783,0.0668851146365291
0.47127481322401,0.0424797579610693
0.80272138649295,0.251937367786237
0.501283078108732,0.100285270122837
0.582775134589852,0.0643803171595878
0.371213038846121,0.0983426701664128
0.577822800185124,0.123405449032097
0.829943013646673,0.102002145845517
0.325239103694901,0.0710982911985247
0.644390491664679,0.0515656444166583
0.497602631644879,0.15654176652475
0.368904312122937,0.0943148070284558
0.309746610741395,0.077594200119368
0.466169808706423,0.135601332236977
0.866707728402119,0.16631332327462
0.340056768726208,0.136252972588622
0.427893271730173,0.0674524184245626
0.425916711070359,0.0860873298765053
0.403494103285952,0.0685935262134531
0.370479356512216,0.0907960158551206
0.559051243690473,0.0583075389683702
0.60241163051782,0.0928206198006047
0.280716300616206,0.069895300872623
0.593634838316171,0.0542355674434283
0.509283878626285,0.0715354511337024
0.359480103316309,0.0830392860054082
0.501623812453314,0.0974082558548866
0.427597541790503,0.0703540780435341
0.349982978525304,0.0852335695998123
0.593096727352417,0.0734055354109781
0.371494443206893,0.11115370831183
0.68321200771945,0.135781188635878
0.380491238149726,0.0912504889905694
0.547939464105608,0.0830168705448297
0.472265190745126,0.143569252450261
0.418755689277929,0.0859525970718183
0.425693329104536,0.0788350984596451
0.787284279112369,0.144674704800267
0.416466995031072,0.0567918337005043
0.454145139247533,0.0831200438589426
0.382980679482473,0.0790990654767759
0.439683880155685,0.0671964401929587
0.638645867727406,0.125269731472948
0.566910270222125,0.0933154099928707
0.498020528819207,0.101245310626572
0.587206693162004,0.124142070861474
0.355110636194713,0.124822253420133
0.642951705570692,0.112298904677967
0.400729504329982,0.245538987297798
0.355737598682886,0.0841041582772819
0.535436120948509,0.216382314366632
0.414825650110433,0.100638709446788
0.292029342077055,0.087352740783841
0.431306401604474,0.199048643880031
0.522330786485828,0.0678165165495647
0.41144730949473,0.104192822949177
0.639011848286766,0.0832653001999571
0.705864849354475,0.0743236379769162
0.561748838614838,0.0591685270898201
0.524133751894096,0.266570031686956
0.6136973436664,0.126059268166725
0.556868911512341,0.0950698027854709
0.317500540019167,0.213791963995998
0.508956675090123,0.134806498044415
0.547962741639457,0.0531397753672618
0.340428555932759,0.0911503805007109
0.398538661100097,0.0884374272645815
0.421381779334868,0.120202414740436
0.546432828196922,0.0652563156739563
0.850881696573208,0.0840774199358191
0.488993714024415,0.0960457012659619
0.442862801110022,0.128124302663818
0.540003195444637,0.0385457189574742
0.385026792244273,0.0504110344203484
0.577745409149775,0.127238955597115
0.471374525636524,0.975144129212713
0.307932606088784,0.0547598076594347
0.487524439232356,0.0660230349306587
0.464296538330923,0.092037491267913
0.537151829246002,0.12139278074624
0.523777743766046,0.0678749077764936
0.550762041928902,0.121547680300574
0.493997937900222,0.184856833153064
0.372446162907023,0.225235860558052
0.383593976345461,0.104193231548344
0.437483311354183,0.0879070511939853
0.52562377392276,0.174213084483221
0.352264942515384,0.0699518174999462
0.445841809117347,0.0651880479417966
0.414984168564592,0.14061214521114
0.531762027995103,0.0813017567584757
0.414486896875997,0.0716327264054037
0.285653284634307,0.070094593753936
0.467290141706198,0.370857251780655
0.432689682325263,0.116162554348689
0.668001602058225,0.0516519264379734
0.412686001507556,0.0714889682601562
0.532700773466779,0.10575512082638
0.535264083202767,0.110802699700913
0.468123039164018,0.0819372511838607
0.601458307172488,0.269944729545321
0.327283870601393,0.196819251904386
0.372640522752551,0.0883577074716418
0.332030284986879,0.115669424193229
0.388211632600792,0.212015847141022
0.471767956929332,0.275764959484568
0.649300986935443,0.106547926016935
0.619437918168742,0.285482861734142
0.409377494435029,0.120447068852027
0.360883521547458,0.0591522346211913
0.379591253457951,0.0853314422536905
0.362648201557332,0.0915934908508239
0.278540568944478,0.111353191747893
0.440021010377702,0.05847523718886
0.470800333751767,0.140201463354094
0.630515398072387,0.0525308698592135
0.363448470835139,0.0702981217941486
0.419173053515226,0.103131395861241
0.47744454081893,0.0825561421507791
0.403893706640821,0.0598209808386036
0.357197119842493,0.157996823553977
0.537766982297561,0.199268603295901
0.380429925813002,0.125478584359617
0.437758074923764,0.0765432821297028
0.850091416477275,0.0523226026663952
0.837967187049075,0.188114881991568
0.50971748534527,0.132318895544438
0.510315279124177,0.114412165683188
0.754987752514647,0.488643623470343
0.506141181875406,0.0576987537690331
0.370455045451256,0.127995984767415
0.403032150343665,0.0932190632551525
0.33231088815462,0.0717194525088279
0.299031383746852,0.22993972471598
0.609973203191701,0.0620797877975588
0.384611942329974,0.459595249035565
0.470001459111642,0.104069115790005
0.742226401378825,0.313803747019449
0.664298169857567,0.33640166026795
0.472437920275201,0.0761986977562166
0.806305733597607,0.0703831937747907
0.474315192699535,0.572169947237521
0.492893025871324,0.113919764209125
0.536051095831942,0.100176066248144
0.339743612691197,0.0502522472238049
0.498027644863426,0.0816869345750729
0.739997254858008,0.0456041583004677
0.378623795673469,0.120315423013825
0.42884859783518,0.131696749691136
0.424001638762191,0.0569613277799335
0.532819350842334,0.226007750800154
0.397754451193983,0.113497385698397
0.384022587906661,0.170060053837641
0.39407130548201,0.0893196704087311
0.496621852871945,0.0855075028335321
0.321044842203582,0.0676245948539395
0.479513351574561,0.085992085173584
0.502551275238896,0.216597168381955
0.815644779814482,0.06590323506132
0.424252249828652,0.067188111170882
0.543066493750125,0.0821879099566983
0.532530803811888,0.0865952052272614
0.466986934676756,0.0660475476140888
0.387579137460345,0.0518872235649731
0.510625478732407,0.0739321377851963
0.442534872002544,0.0585541569075574
0.353020577366741,0.116176291082436
0.4931411369483,0.487868608194175
0.477731164377485,0.126014952517032
0.490850805685926,0.0729799442855351
0.322946052318732,0.0639668967408346
0.343370105043668,0.0768405333348958
0.459444201526848,0.105952855593133
0.403151904301337,0.064905582364687
0.853141672981672,0.167936637180949
0.561815145477472,0.0929782092285998
0.409995973845962,0.0474569991535728
0.722431177042549,0.0867347618021318
0.633704959329223,0.0827923838691153
0.377535400863691,0.0448745417612564
0.369258239331137,0.0509882044490764
0.474520279366727,0.307602467833691
0.421694466790702,0.476674386811566
0.5675208408721,0.101130421817522
0.3953997089238,0.110101476608894
0.397968107974377,0.0646547569538509
0.296160498234274,0.317584329153074
0.564207239744955,0.207966676307952
0.439951919852746,0.122964400692758
0.451861361971248,0.0832180481782043
0.486473219468005,0.543166526646321
0.385989737066454,0.324446289642757
0.391236749576485,0.0622962620944999
0.343795670932383,0.104406551526256
0.520240051801628,0.12129582210356
0.299416401124746,0.252888919896847
0.352311284685204,0.112394146517172
0.38711911265077,0.0936906716071206
0.4188237118559,0.0767194391089495
0.576217052954783,0.104404095630381
0.425738447041769,0.0648665181651103
0.464077720981479,0.0770099783444159
0.441611436457048,0.092938284707303
0.446619173024652,0.12693422033138
0.531579488556,0.138136585945303
0.547301082686946,0.0609252384140789
0.347609424760282,0.0741917742767093
0.691900989724188,0.116470094830704
0.39235412514967,0.0721499321420256
0.376743444123406,0.204530646462286
0.507369980844566,0.0666777120822429
0.560027615922421,0.202084778533737
0.411162431961157,0.13923534876128
0.821136719308168,0.0549450184679499
0.371958447311286,0.0862004552312594
0.619826967462167,0.235760589082475
0.667493365485876,0.150177707789093
0.343554230192075,0.0870667398427173
0.444111814640556,0.536162694902294
0.372241643640269,0.0883081555774816
0.44059042916651,0.0574431193695797
0.551898361803781,0.0685218688903089
0.600503531036191,0.0741632432394422
0.413988725247803,0.0810951358650491
0.371508577307613,0.395483448442229
0.826239762775583,0.0734569314002166
0.480466511893008,0.263384254598237
0.533657997088969,0.0746490036227903
0.34639204060459,0.0576019662862484
0.610440134399033,0.0841998486368333
0.440943291207884,0.0913816501280355
0.415817987554179,0.0904249710780952
0.422196689057296,0.118159582505063
0.420346519026886,0.0660880198953872
0.414309724462309,0.135975254664666
0.382817963057119,0.085048003799265
0.400712687493281,0.193618364409435
0.692733829238635,0.334372454679108
0.429642298316483,0.0979637002915605
0.421226547819655,0.0643872016533934
0.314252868039982,0.121853865018323
0.435264994457609,0.167263165055954
0.369259950667779,0.17982234746385
0.694819267324809,0.269430700289936
0.753394000128341,0.0457848293479742
0.669366932504319,0.0368552586951906
0.453046448260011,0.175299323179956
0.68915544053996,0.0780034619336726
0.517787767765069,0.0876949068850876
0.461078712672536,0.0550751304959407
0.413401417071043,0.11641591263436
0.387129263627629,0.0856273141724971
0.638976404105414,0.26103883131581
0.492592922053755,0.0780526197469857
0.358948077569289,0.12265119834663
0.613028504027577,0.176978791901771
0.406832941145785,0.0632821884730751
0.406414560305984,0.0994728598968179
0.374310782166062,0.10063131919249
0.717595882734237,0.108015501912742
0.559301458857446,0.130301122080925
0.318725447292573,0.110194183815515
0.482810647134621,0.227492731281458
0.578010330716865,0.0846653108165625
0.582573643596254,0.0793036474596224
0.320159386750658,0.113754414535412
0.563628052448463,0.0613996758275097
0.422605441480182,0.0890770185192639
0.436253294005824,0.103976100353903
0.508760163038898,0.109091303043059
0.473645425284208,0.195308895476822
0.441108337293494,0.191036278225967
0.465945755303486,0.0852893041091254
0.507794481133801,0.0643405233296753
0.727190248190076,0.0724409345744904
0.551213886505214,0.0543869079938319
0.760722781060019,0.452682408285218
0.401998812676958,0.0691887135678114
0.384429146873764,0.0842649988977151
0.644510976807258,0.164462002787017
0.289509330197707,0.224685601896716
0.570483975409065,0.05218972587122
0.385450227911489,0.0482316243205708
0.472534355147924,0.811458577443031
0.468678548923339,0.129723562089803
0.390400145540044,0.0700073479704154
0.398554464893878,0.082576710786844
0.568131597275433,0.0434769187592382
0.448316792826298,0.0784713574969729
0.378382189221309,0.116725090222118
0.455641122067175,0.169340505497108
0.535479644235377,0.0699607188006102
0.501796397899567,0.0909498782059974
0.659644222852864,0.282136278061298
0.284062473270748,0.0799902050156458
0.564275521324366,0.0738082046493773
0.885281332493432,0.10277142689135
0.410301437122514,0.428710803523902
0.519259849504501,0.149649490352826
0.338554049103533,0.085923361977366
0.334873075630145,0.0475655991399227
0.341659392827938,0.161855805327192
0.505026575366733,0.0689280204926086
0.37519273530741,0.0657951322793418
0.460861318671466,0.176048239507867
0.694692303641264,0.0870237163226829
0.385821460161791,0.0955792787573345
0.718484413240755,0.161378071555153
0.699493076885661,0.0758266953785497
0.433433660950253,0.158036764149649
0.433501999360828,0.108304198870953
0.587383378228711,0.0871356916175003
0.378356033736566,0.112794239084198
0.355463415849471,0.0940921335829673
0.851530291163503,0.154364579568574
0.51617701376695,0.156343963292039
0.445176053652214,0.0515117870326864
0.488744051439537,0.0819685461425132
0.682081912753608,0.0476406307974458
0.400273832752038,0.302776422840257
0.496599923813023,0.135490225196516
0.596449299317135,0.0721531042858196
0.6551811084627,0.0801489055933708
0.454555074023157,0.0562186755964719
0.642285480233883,0.0618100468161546
0.662463361108469,0.0978526543735962
0.332042994745241,0.774691730928644
0.392838679719437,0.131472241424337
0.344666596720755,0.0711666868823824
0.416713575808993,0.0699805551354293
0.41665958400353,0.0867768720063971
0.584659005445409,0.0626311645294482
0.413640407554762,0.0692741988784678
0.853931913883457,0.0688315406451727
0.456466050821416,0.141188526179022
0.33269014017705,0.109459521545499
0.463868541308527,0.0878881325528608
0.410978522824399,0.105409510736437
0.476395790388783,0.361090457366283
0.667927907755999,0.136609968309222
0.412271511885623,0.0378434824099661
0.387161317186214,0.138136640351819
0.428280598393057,0.0939172293340002
0.931034041088552,0.0541841576492919
0.62886486255545,0.115068342225716
0.514527025324238,0.0625977752271199
0.527159715352842,0.0866811314741769
0.567025134433689,0.217210456088236
0.611103066703052,0.095057385049184
0.291162536088829,0.145804684833074
0.757789889402527,0.107692240634516
0.299041445448133,0.0479232297392719
0.341934165688094,0.07025162372054
0.596360216572871,0.249799171364121
0.469074899428652,0.0909073744577994
0.558080332386886,0.092431871440835
0.381014109187099,0.0829145019649406
0.310326858128086,0.117804171663641
0.396180413915502,0.14036470999279
0.458059709311669,0.0626928899192015
0.554380847371448,0.279710432912676
0.502319663549562,0.0466840368463138
0.494366204076426,0.076560267298408
0.568951901123041,0.223019627232911
0.435161582947263,0.419425724871778
0.535571367739171,0.100092156604086
0.440723680601028,0.133953885083842
0.523261210800745,0.0987920646267896
0.596565840377,0.129725943438547
0.348073628855776,0.126429097588168
0.637195241146595,0.1115079418224
0.824646888042749,0.0955436594452995
0.321423327634545,0.0754965611466754
0.346672296913178,0.215591364805327
0.414578322484926,0.159655946373515
0.490903792866654,0.0967604584695133
0.465295006792957,0.0823323527537522
0.313262891243819,0.0689321463957129
0.418354377190826,0.169008986628895
0.38723090414197,0.0648077611661835
0.34316259482201,0.0875502658151466
0.628843859177249,0.0951025702216539
0.313363999113398,0.0923394914515596
0.310827947442665,0.0746345860112409
0.436195925998326,0.0880987406141513
0.384573018555162,0.336446940731555
0.444041148956593,0.171338226480312
0.636463575523816,0.102020166173706
0.398616810857958,0.0500276527369401
0.419464917407993,0.0656293984411697
0.364941019057737,0.0599585839866333
0.500683181144721,0.0982727870798669
0.575623069224582,0.268625479145195
0.477611780905821,0.140616563787943
0.372284664393669,0.0959321643755861
0.472038515423074,0.0742169571297252
0.499402405433666,0.0541635390092839
0.353924721547035,0.572606698598931
0.471913990786998,0.0931386715563187
0.400406395442509,0.10186842871753
0.45648834420026,0.0426114569252997
0.655178939991977,0.373127255810348
0.289700512431645,0.268831585775874
0.348379125083358,0.240596898399652
0.309738617646818,0.116079440694752
0.504536378944369,0.186155413790281
0.400640283106558,0.0575260222805914
0.743774537716092,0.0471461822412062
0.477690447259027,0.100374794604224
0.583468287530997,0.0784056124837663
0.467115002693356,0.12712925386248
0.345384147506968,0.157447893320822
0.49872771753626,0.636643489282053
0.632059149126191,0.165931519430661
0.397696357146917,0.112914308703894
0.315295888441657,0.0535724145360458
0.313818588165492,0.0664208265084897
0.257986536831525,0.244547276752641
0.665112537382287,0.272371604515464
0.543977947313837,0.131526013181491
0.40348619938252,0.161384770681664
0.401861271907695,0.0671288526953105
0.51288904112963,0.0516894955398312
0.374126272992517,0.446686549242467
0.573086268368589,0.154814496532243
0.402851913852077,0.174663481666519
0.276340622826972,0.0795894601725719
0.363649451535104,0.0756676095375965
0.364324760917307,0.0786626217383683
0.340527127561513,0.0871115597432269
0.381920291197381,0.204136099359596
0.510575331908962,0.105754272418221
0.324550588911103,0.222130645352952
0.573019736503924,0.0754099913783769
0.628679522229684,0.283396769911
0.383189903539585,0.0653376091244676
0.362673068731868,0.126041075297436
0.426422808373842,0.118879581965689
0.354694976566316,0.114570386887573
0.832099638528166,0.0777441597105163
0.30986436132313,0.0507254924959498
0.4808213622609,0.0949843660281751
0.398103896304389,0.16878930479836
0.468151858484707,0.0856313631654089
0.330922707655396,0.0714918746745867
0.430774786286529,0.140266834948627
0.558666391710154,0.174352679346464
0.376717333822502,0.0676713690907944
0.464280854114729,0.107585621485877
0.362223825460422,0.139039334231416
0.359886806782189,0.0661138058900767
0.338173204368433,0.104194661042588
0.592014851660277,0.126843197293768
0.571017583024409,0.116683273019527
0.37732876197473,0.0791638525386415
0.353460196477042,0.0710788280678494
0.518523236686784,0.133054559947095
0.527609554329151,0.137543125796858
0.353569041690213,0.223174523029663
0.337397820953098,0.0794630000335262
0.430719116234071,0.0819694240725788
0.557207369573673,0.171282385341429
0.343257434246877,0.0937210179222791
0.432004015517835,0.393786724076287
0.699540438362292,0.0984032378834031
0.546798204042554,0.12540046102279
0.497527350867923,0.132550624006033
0.375686805724197,0.089425078150178
0.537871399248047,0.0736594433570364
0.497846995731988,0.0891355673096711
0.57216334088713,0.0642662367437577
0.38372574836939,0.0667134670016964
0.377964670243026,0.0458721760896979
0.480816263223556,0.0711107559791393
0.369803174225784,0.374290553528799
0.547756057631438,0.22487817440675
0.298892194694592,0.211576050739847
0.311491329101567,0.0798031177286666
0.404032477962686,0.285312062545816
0.348670805735163,0.838157334994022
0.327094738753157,0.0627802400920702
0.637805153115998,0.221931134160829
0.477278222742265,0.17245285480797
0.339857087308998,0.161267615315656
0.315226544107935,0.133202080617731
0.361644564012833,0.0708232772526824
0.510394136829911,0.098932372469317
0.397481919050003,0.136113249724041
0.350102687786547,0.126846266739123
0.50623642661365,0.152434283322075
0.460288443824936,0.113054645556174
0.679434812344577,0.128554528673274
0.584110279442686,0.0717370661514245
0.415493817990816,0.195412881642502
0.585142141515836,0.79612442674793
0.433058071916431,0.0937288126696443
0.553617411268575,0.123849813225455
0.434560698919255,0.23085695070857
0.484597303919929,0.105479055937927
0.566111184846286,0.0513337218917779
0.388401007231238,0.241452428742303
0.543076135656666,0.146090873786218
0.38327808595981,0.0704849664462488
0.577250605948286,0.102689983855733
0.403116188470607,0.261723921323225
0.542232628602574,0.134586676813574
0.476638485610438,0.265746095835355
0.394037330586179,0.0814403466268701
0.564110227064471,0.133153657881582
0.565271166718012,0.0792716371194771
0.391007781079871,0.259747031149349
0.411844751547593,0.094388921391702
0.548539617012036,0.454322261736774
0.435196131964556,0.0723353016152733
0.869389180739885,0.160255039308611
0.455233606713261,0.0755664067158096
0.350611220080168,0.274038515776792
0.407240986890128,0.152639582021818
0.519746045635176,0.0950600184927499
0.451561307020399,0.369176024775821
0.371274408623283,0.0947718299983233
0.454402595389766,0.0641173657894598
0.37341138925411,0.181597256384037
0.613922178820271,0.132137833605284
0.440004335348284,0.103293520517306
0.375137634438528,0.191838326144301
0.541880878840634,0.0760494394005157
0.538331805330397,0.0914773386817275
0.458427879985068,0.0749962004155669
0.412275631683294,0.0520339811486012
0.409001803475056,0.287116821304325
0.503308466590661,0.112738676779449
0.513462108299538,0.179320697493224
0.564627051457443,0.163506355630922
0.566304638456475,0.0702309456796238
0.644772472596118,0.083017357599886
0.446174876576597,0.117301273073017
0.549960426510107,0.0595034154679358
0.497176567043772,0.103067461470307
0.498201045502877,0.141919571952406
0.507866840626326,0.182608752022607
0.532387841643851,0.103215356949486
0.417899605194115,0.158596014080626
0.486614922624168,0.0522923885489195
0.352030394051563,0.149318260434653
0.556790558250443,0.0593855384973888
0.490661406340804,2.23400282121346
0.371510376864031,0.0512125880251805
0.46528545229703,0.226734388782092
0.860217334280646,0.085753655438527
0.467813898344968,0.139025514993853
0.582105877128451,0.147909467021489
0.363753402618791,0.0750212048476991
0.965152215381537,0.0615262229004871
0.707365816582717,0.0706965809270116
0.371273955964103,0.0484883426858355
0.494294542835098,0.0880884433312043
0.550486903241656,0.0824294322492823
0.473375775795384,0.235540909878285
0.577959250904506,0.0788101965082382
0.404055953455637,0.225515028321151
0.504943668574512,0.0641127956345871
0.824357985240945,0.129310271506771
0.51751864677114,0.149591017779048
0.403652734947174,0.159576757250582
0.392171993634362,0.0640564147772272
0.501684981500519,0.255587699203409
0.649212570877488,0.408126998719713
0.456984341309383,0.164728867227918
0.501826257200089,0.118512002196153
0.348036733242369,0.057588635212573
0.510628493974775,0.142919815147494
0.511581028020884,0.114421987209004
0.443969400948199,0.103586723909821
0.354858517391599,0.0545951995590316
0.541037339813292,0.0858125983814025
0.821239830630136,0.130045104029765
0.449885414270689,0.117563883584266
0.346389945958102,0.0982660854996537
0.488082650616035,0.16593262050532
0.623550840181636,0.0819498233542933
0.831044106857601,0.0588060457670995
0.386759746974629,0.0918482097179605
0.542088878266732,0.0693564433459012
0.321462353560923,0.0690045961423288
0.838848486567015,0.129350931188989
0.704243610030186,0.0632881422147129
0.71324717730634,0.131194119137696
0.436358715716836,0.114829505315485
0.387698507395836,0.0868644549922971
0.425094135779592,0.22408801803564
0.500342354506892,0.115025876278758
0.401387878362528,0.200086406831141
0.594741875721976,0.0391970910176415
0.41248629318318,0.069517623815247
0.371756687809777,0.18483861834141
0.448979051004079,0.0453309242360828
0.530535518790643,0.0960273905251101
0.428976002637726,0.0618070194530827
0.412982276155659,0.0497512617130269
0.693294501418853,0.127153672450834
0.754151033460724,0.22573438370149
0.798929628737807,0.0655237700350143
0.528367374262072,0.100219330781853
0.574989679686485,0.166715907913122
0.412446078863453,0.227678945470005
0.727980520878628,0.100525688091736
0.955589058320821,0.0796886612951945
0.4411276749921,0.092487318985154
0.54301304257701,0.070820127744961
0.396851012286636,0.168548733996049
0.491400238218801,0.120915884184867
0.322001693111862,0.0589868919708075
0.448484637847666,0.0591960859317943
0.348724578870905,0.0821963314020539
0.514632515857072,0.0494556514039812
0.562151386750324,0.0782868124346332
0.310422730715053,0.13450717436338
0.575393488080489,0.112857569834349
0.560396498172248,0.0627262246834898
0.556259352324839,0.0879205441908626
0.777178772793982,0.0466754035515556
0.416521885735335,0.0773575051377436
0.452696889828459,0.122760254834201
0.566925227577876,0.0810111111839228
0.421845527902228,0.128981469603721
0.9167039222881,0.214953848862752
0.597627505871801,0.219361685423606
0.424944100239881,0.115777452185135
0.323827767810478,0.120755816342806
0.65295256964991,0.0878303900037539
0.584472098270097,0.0929106907334633
0.708128591831339,0.0644124771099885
0.373649731059865,0.181466070447833
0.506728676068885,0.0561126562481553
0.490737699509408,0.0657506504072142
0.417071366880903,0.173961208117191
1.00714455539288,0.206627291432249
0.45119062681348,0.0806556285260782
0.510218266180662,0.114543400832299
0.396142772657948,0.0824481102610024
0.640241497738324,0.207277167905747
0.618741355372679,0.120250238811972
0.393720945531961,0.147521875497811
0.526861868093283,0.152330468357378
0.546849833508085,0.0905712955107895
0.480405802317244,0.220964166380249
0.351004108547526,0.347730875594379
0.56906224766213,0.11045375227364
1.01582455475236,0.166108581503443
0.478427930892105,0.0493731514723754
0.524709990221416,0.0889766593778727
0.385333257503476,0.120178432714283
0.619735511865176,0.11012173565707
0.43830151687706,0.0552286767871155
0.642886404571137,0.192198927082933
0.558620693809808,0.0518820362737602
0.583276285781182,0.0739925987692707
0.533181683818277,0.109664019487371
0.438218036127595,0.103229572125886
0.494219275938624,0.130618769936765
0.556601525906779,0.0949003493866314
0.42249954802618,0.17838433061831
0.410308074429212,0.0787944373722443
0.363743044115068,0.0891912606555541
0.41559493394663,0.163892553927485
0.618291650085786,0.145886498380986
0.368439564263452,0.194177065875578
0.486014987964644,0.094315983652556
0.383628872519152,0.27443289068562
0.472336208540508,0.0520231909452821
0.462809015309958,0.0668828982185966
0.503272484445893,0.0789469969557529
0.514227768801622,0.0575414639457611
0.649526527286144,0.0606616676198753
0.452728640722853,0.0520808058940862
0.524929297105058,0.0840368834801091
0.533394429073273,0.179594424452579
0.542791593818936,0.0690100197143507
0.587557451772883,0.0900546349903185
0.702257460920575,0.194220210263118
0.766312764753158,0.720188643167561
0.540362694356772,0.196896638721422
0.466943443052078,0.100808546792547
0.429428938013295,0.227626857692062
0.308324743589435,0.0938556383992068
0.357856769317808,0.0612421562589534
0.551053457711,0.15070260976679
0.475281825542434,0.113597738466094
0.585630495193439,0.0918074535834196
0.429121832058322,0.10012301830846
0.466669918196242,0.067752508083866
0.457597067859932,0.0635675298087913
0.649987958231152,0.135939603927177
0.404915315121524,0.0566029209706728
0.441323452340175,0.278495315141994
0.458263084405173,0.0926805894410762
0.580274809429903,0.104853665282714
0.626425392291277,0.0777819841156056
0.535867587919654,0.0920986853086047
0.469056019568983,0.0660601729297218
0.488826030306152,0.274724872974543
0.577458319423815,0.110818667268702
0.515517900737444,0.151700437010962
0.550921921871367,0.115569025848454
0.305880019016769,0.061179732341517
0.481311986155331,0.117563235943666
0.446298320220329,0.243378514555239
0.45016036770139,0.147506261259328
0.482893324965297,0.0516616089424648
0.488348876315203,0.150860665211708
0.711991961726734,0.705909347376385
0.351706441543735,0.0377267262938607
0.377228026640281,0.0668590239188882
0.499520795514096,0.103912161845162
0.845910590943324,0.128024402557146
0.599618704492498,0.209695833714742
0.521041221916914,0.066507533446009
0.666824735242487,0.0688569973352163
0.534428832595286,0.0859329874044908
0.655363335491762,0.11903266602839
0.409054260335206,0.108122253013816
0.466876589522345,0.0507153831926135
0.653714683147213,0.0416302762571749
0.629878046333967,0.0810425609880808
0.420426371182744,0.163962745683964
0.457543446238042,0.254053557859184
0.347259018204389,0.0977519165836901
0.431230713662599,0.0466335111281223
0.50250678309466,0.11791717427556
0.441082370158157,0.0645294058926386
0.364208995088207,0.0709424774150894
0.391552449208561,0.0778172884383436
0.39511382885494,0.1853648912643
0.399471650679314,0.184219380739196
0.655982624330266,0.0849487617145424
0.627340991119033,0.237401574358702
0.406656259943774,0.0823449489598533
0.510838387229819,0.077671592367855
0.447377379593956,0.0468828099824221
0.559377752316533,0.126046473637729
0.334835418843139,0.119032409905218
0.370543499906586,0.124565338325406
0.361642100929887,0.112943223432613
0.521725616905742,0.129346372894965
0.478747115522248,0.0540362754669299
0.294041299158363,0.131022034682482
0.58558213083368,0.139558022309475
0.422626483780447,0.235604511836235
0.444781526318242,0.127707782042789
0.426464492249141,0.0595333467789752
0.560583847951512,0.0630244870025622
0.366053624175734,0.202566673668469
0.566837558430732,0.116045867904223
0.497441522853738,0.105319196705804
0.458271186679906,0.218219293575278
0.433745643536839,0.144269733603831
0.37482560670438,0.167914067348508
0.643724178792054,0.0865744065280963
0.365204106159642,0.0677807452844413
0.313331726307317,0.0743577943579651
0.628049644563224,0.0803344169777773
0.551794747256602,0.049573772603658
0.600415794388428,0.108322944010738
0.477917045266032,0.157712347746433
0.378234591305669,0.0475014470732194
0.64242168402158,0.360232362780885
0.368191502738909,0.185882919617822
0.347834722138758,0.118008075898558
0.361888971393373,0.0648539062472534
0.346531468748171,0.141466624841836
0.508918198845375,0.089065292069722
0.497669057381084,0.121311767183166
0.385259350649343,0.123095864479808
0.541569344523494,0.528100216215937
0.354090642240152,0.381684688553393
0.576454271664049,0.0723354250356681
0.651067263852008,0.0898017762265391
0.504947580921156,0.218082558049375
0.444160635378348,0.0711206861911201
0.380586823259889,0.169916210647167
0.451552955152848,0.0910227922494367
0.521192421407343,0.107820062848217
0.497282310276641,0.0535645623077446
0.49207543700125,0.104091294330506
0.362091706793885,0.0736053112209848
0.447830132905158,0.112059351635394
0.686388230618904,0.130330513001884
0.442957624788563,0.141020014472868
0.311271970721876,0.0936417161689837
0.392812239028499,0.221953862150196
0.442972668490802,0.269080217638984
0.538316181414892,0.0980101172193106
0.377371317597937,0.0808779688972199
0.412270611725832,0.0485418885718005
0.440423262859904,0.0637323979991901
0.690092812024778,0.0622485163275785
0.357635402262304,0.211840186983368
0.481189921955055,0.0530108158189882
0.290947226132838,0.116454290750888
0.731137126204467,0.0730840755598746
0.443458087814865,0.133280522662546
0.316707857851152,0.106162673513725
0.396107370579038,0.184684335143773
0.378857012408029,0.139639167839221
0.462842928728721,0.241534545430125
0.467889542477541,0.0913694036108876
0.458762192107191,0.111519534347214
0.373260930348335,0.0704916283713985
0.480484636706534,0.0552608547558774
0.801532635704473,0.0896275431660501
0.609954223793178,0.0849402588212711
0.40014482978532,0.129934645145946
0.51252689913353,0.122429833596516
0.338899117797391,0.0865300550653094
0.50040454940458,0.0716194983655138
0.468425544905647,0.515255113200326
0.344892460493473,0.205150802197418
0.378768559074462,0.0938991031992502
0.454763100610134,0.10112371260336
0.415519049544341,0.0882644852363987
0.358245882663867,0.0628490493020059
0.570719942426922,0.149870255775164
0.53485911144148,0.464582450708322
0.40521271565339,0.0831917187535527
0.433002864086771,0.214952068288004
0.329914758171843,0.236050638882646
0.627472813948817,0.187079744266734
0.447181364057472,0.0534192233172482
0.496469347075665,0.0933613717365022
0.421719758547886,0.0710303272354191
0.55393578551606,0.465717170577705
0.455907022132258,0.0693512128305963
0.497732579659351,0.0868785646733557
0.475126574638482,0.0690659912199824
0.498259059593839,0.053651252615634
0.427350554403791,0.154385899163464
1.00813095328051,0.0433642304034509
0.415165294964638,0.0727800498609082
0.54340260704124,0.138617301093556
0.555699194996184,0.111037941748272
0.421099957925884,0.126814835465691
0.74231865860493,0.0313408701585517
0.57733642523932,0.0655151868061445
0.581832127362956,0.0811412184839942
0.712538800128265,0.0510933678001938
0.546887806829341,0.131107857965084
0.432238661542926,0.0732655927569579
0.496708313461271,0.225087333614064
0.460585362784906,0.112754578448561
0.428501321132971,0.170749074160936
0.341607589474539,0.122189685870994
0.428389845177733,0.0702359553710539
0.570603134845599,0.112049673104811
0.584483930594887,0.079008585014174
0.334557266687746,0.249600508771629
0.369590849428878,0.174775632848882
0.448380605027261,0.164019924525817
0.746904610548287,0.102653872288864
0.328426083077453,0.232695302693076
0.686705304403439,0.0595378398447865
0.495850548455634,0.102250641844144
0.573638900747201,0.099645314968481
0.545607876645826,0.0598058794228901
0.380761184955464,0.204210307475306
0.50039727477171,0.135881957351534
0.610255757826802,0.0651275204450118
0.649216347960961,0.15172329731672
0.284815759742415,0.126353436782789
0.554487972001586,0.170582839846225
0.753492589372682,0.0581709500081203
0.719312958177763,0.0783691219837204
0.327412663815023,0.284841366867688
0.387359660273517,0.0601025246246901
0.526488521442728,0.0533675887131717
0.599091169249258,0.220345231575504
0.392036029621919,0.124060442093701
0.562688300509264,0.12044262060339
0.452175925376728,0.0659447739690139
0.301742415535845,0.0940263988569006
0.633508121765659,0.113215920014905
0.45797755588944,0.066569233739132
0.570103487676793,0.139983897078216
0.68399103901748,0.0904574342100615
0.286533020781752,0.227500573519199
0.476428180000179,0.0562200444888249
0.410541673558286,0.271419999372526
0.606489815489068,0.0657844919241111
0.57214644643705,0.488668701663482
0.400994995785847,0.0754078847322365
0.52060373916758,0.054540391944582
0.45163090859448,0.0751030855443092
0.72042057579134,0.123317209837966
0.470301849034167,0.177927147645457
0.471893262855551,0.0841186228101811
0.418306969210463,0.114923130250803
0.497137380509523,0.0948462032666761
0.761890271273613,0.100754713653189
0.502835024392535,0.137850439146355
0.341973555581365,0.23608994964267
0.580075323190287,0.112981619933483
0.351008913408682,0.0876783644739723
0.384641133562942,0.0594200836523147
0.732898015569469,0.102870325391397
0.473105190126178,0.105521432855803
0.406165387521683,0.0753478324644162
0.377438570116983,0.0713925358314083
0.390851048566038,0.0877084127846262
0.530681012071925,0.146836064114511
0.687335618048189,0.188108506102588
1.04562959017974,0.173171134704243
0.496140250328989,0.131854623010826
0.367032960898015,0.0669911967103358
0.382973996438032,0.121683130855307
0.615968730758376,0.0725807637466687
0.42537302990383,0.175659772843102
0.812656260834907,0.258038198492928
0.476216027174245,0.175335183388937
0.637308501696372,0.0571769405256083
0.601268811691763,0.0885667985423605
0.806832068891081,0.101361518269255
0.484154197852959,0.126968785704501
0.456122077866845,0.0575646613785568
0.452237764635778,0.0601193358618964
0.456837289428947,0.0794283578422775
0.618175417546432,0.0859240150052528
0.365124463590586,0.189553493865017
0.47895601338924,0.0983689692253428
0.387176806296631,0.0699830365657163
0.63026584017036,0.1059457908085
0.841616928841738,0.121625332247943
0.575876132644547,0.173415775544069
0.453921830167514,0.138409988754568
0.310214079807194,0.12017222845073
0.424287857949423,0.0662106399735647
0.483050784881831,0.0793894727058822
0.439153719260511,0.172217532354895
0.525305746878364,0.098222159519579
0.637446081886341,0.126956171217852
0.535412168719858,0.227129322780556
0.307459326122595,0.879193950555214
0.506503148156905,0.13344633946859
0.439414116045155,0.090274385078126
1.004619698704,0.106972948570132
0.501324961699043,0.258091866482961
0.423320246332757,0.0691386971424457
0.388433231168752,0.162226840403396
0.605416479332193,0.123602554832427
0.524523030027895,0.0376711271429681
0.595265421662157,0.137678415641272
0.478923653165748,0.0469916078829248
0.672564801212982,0.0689903850544716
0.344705426223881,0.0808041002213181
0.91671991222245,0.0661508569336945
0.439555604341888,0.0780560515774559
0.526886844183567,0.111541165208809
0.406023655741047,0.120917837088931
0.351694083595074,0.114750560756377
0.36903555381479,0.0718105468167161
0.416787517587758,0.0814315158554505
0.39454126904371,0.0628587476659736
0.541991681340902,0.144621357483705
0.585973594934454,0.192693295561954
0.451244029350846,0.0668663092071008
0.433963909372084,0.0815817698918852
0.489295193768663,0.0945530461347354
0.319062651522528,0.10288859125338
0.5107884286214,0.181602216461078
0.495975326849316,0.12099160492207
0.44605012242904,0.0842432863655009
0.373972396962714,0.117370032866068
0.413458848176703,0.153651864429942
0.409432681290574,0.0923547254710971
0.791343573390353,0.0969087016855345
0.472998649427465,0.248197186496199
0.891739823315616,0.0505373240603607
0.532617623574977,0.158037170857684
0.38742494224495,0.203707188155741
0.406432390974789,0.267012843689665
0.355871244342465,0.269568886768282
0.504124000584102,0.0974382178394629
0.456222549507556,0.0731193907902068
0.437986065000932,0.138954337355914
0.471250274638639,0.139142321696038
0.425733103425028,0.474475708418979
0.44384688536715,0.0688115154708323
0.401912625998634,0.290513223648234
0.617469896076747,0.144876479428559
0.44886788463516,0.0768488818395523
